# 레퍼런스 HTML BARS 변환 (가격x100 정수화): 2026-09-22 1분봉, 봉당 O/H/L/C 4틱
# 형식: epoch_us,price,qty
1790035200000000,113850,19
1790035210000000,113925,19
1790035220000000,113820,19
1790035230000000,113855,19
1790035260000000,113855,279
1790035270000000,114130,279
1790035280000000,113800,279
1790035290000000,113880,279
1790035320000000,113880,194
1790035330000000,114065,194
1790035340000000,113830,194
1790035350000000,113945,194
1790035380000000,113960,121
1790035390000000,114120,121
1790035400000000,113915,121
1790035410000000,114095,121
1790035440000000,114085,26
1790035450000000,114210,26
1790035460000000,113970,26
1790035470000000,114090,26
1790035500000000,114090,47
1790035510000000,114135,47
1790035520000000,113990,47
1790035530000000,114030,47
1790035560000000,114035,95
1790035570000000,114085,95
1790035580000000,113950,95
1790035590000000,114045,95
1790035620000000,114030,62
1790035630000000,114030,62
1790035640000000,113885,62
1790035650000000,113935,62
1790035680000000,113945,37
1790035690000000,113975,37
1790035700000000,113890,37
1790035710000000,113900,37
1790035740000000,113905,70
1790035750000000,113915,70
1790035760000000,113730,70
1790035770000000,113785,70
1790035800000000,113795,49
1790035810000000,114060,49
1790035820000000,113780,49
1790035830000000,114025,49
1790035860000000,114045,72
1790035870000000,114095,72
1790035880000000,113945,72
1790035890000000,114065,72
1790035920000000,114065,43
1790035930000000,114155,43
1790035940000000,114040,43
1790035950000000,114140,43
1790035980000000,114130,15
1790035990000000,114130,15
1790036000000000,114015,15
1790036010000000,114030,15
1790036040000000,114040,51
1790036050000000,114055,51
1790036060000000,113915,51
1790036070000000,113935,51
1790036100000000,113935,9
1790036110000000,114000,9
1790036120000000,113885,9
1790036130000000,113925,9
1790036160000000,113925,103
1790036170000000,113935,103
1790036180000000,113740,103
1790036190000000,113875,103
1790036220000000,113865,45
1790036230000000,113870,45
1790036240000000,113770,45
1790036250000000,113865,45
1790036280000000,113865,1
1790036290000000,113945,1
1790036300000000,113815,1
1790036310000000,113915,1
1790036340000000,113910,44
1790036350000000,113980,44
1790036360000000,113865,44
1790036370000000,113935,44
1790036400000000,113935,33
1790036410000000,113975,33
1790036420000000,113875,33
1790036430000000,113930,33
1790036460000000,113930,29
1790036470000000,113955,29
1790036480000000,113865,29
1790036490000000,113875,29
1790036520000000,113860,41
1790036530000000,113945,41
1790036540000000,113805,41
1790036550000000,113905,41
1790036580000000,113900,20
1790036590000000,113940,20
1790036600000000,113775,20
1790036610000000,113830,20
1790036640000000,113835,23
1790036650000000,113835,23
1790036660000000,113765,23
1790036670000000,113785,23
1790036700000000,113785,54
1790036710000000,113795,54
1790036720000000,113640,54
1790036730000000,113680,54
1790036760000000,113680,22
1790036770000000,113730,22
1790036780000000,113640,22
1790036790000000,113660,22
1790036820000000,113670,82
1790036830000000,113830,82
1790036840000000,113625,82
1790036850000000,113830,82
1790036880000000,113830,80
1790036890000000,113840,80
1790036900000000,113700,80
1790036910000000,113770,80
1790036940000000,113770,55
1790036950000000,113860,55
1790036960000000,113715,55
1790036970000000,113855,55
1790037000000000,113850,26
1790037010000000,113850,26
1790037020000000,113810,26
1790037030000000,113835,26
1790037060000000,113840,71
1790037070000000,113980,71
1790037080000000,113760,71
1790037090000000,113960,71
1790037120000000,113960,12
1790037130000000,114075,12
1790037140000000,113915,12
1790037150000000,114075,12
1790037180000000,114075,77
1790037190000000,114140,77
1790037200000000,114075,77
1790037210000000,114110,77
1790037240000000,114105,53
1790037250000000,114105,53
1790037260000000,114000,53
1790037270000000,114020,53
1790037300000000,114010,42
1790037310000000,114070,42
1790037320000000,113970,42
1790037330000000,113980,42
1790037360000000,113980,53
1790037370000000,114035,53
1790037380000000,113875,53
1790037390000000,113995,53
1790037420000000,113995,38
1790037430000000,114150,38
1790037440000000,113975,38
1790037450000000,114135,38
1790037480000000,114130,135
1790037490000000,114290,135
1790037500000000,114130,135
1790037510000000,114195,135
1790037540000000,114210,49
1790037550000000,114230,49
1790037560000000,114160,49
1790037570000000,114185,49
1790037600000000,114185,28
1790037610000000,114205,28
1790037620000000,114125,28
1790037630000000,114130,28
1790037660000000,114125,23
1790037670000000,114150,23
1790037680000000,114065,23
1790037690000000,114115,23
1790037720000000,114115,12
1790037730000000,114115,12
1790037740000000,114030,12
1790037750000000,114065,12
1790037780000000,114070,15
1790037790000000,114105,15
1790037800000000,114020,15
1790037810000000,114055,15
1790037840000000,114070,18
1790037850000000,114110,18
1790037860000000,114040,18
1790037870000000,114060,18
1790037900000000,114055,33
1790037910000000,114055,33
1790037920000000,113905,33
1790037930000000,113910,33
1790037960000000,113915,58
1790037970000000,113925,58
1790037980000000,113790,58
1790037990000000,113795,58
1790038020000000,113790,72
1790038030000000,113820,72
1790038040000000,113670,72
1790038050000000,113690,72
1790038080000000,113690,41
1790038090000000,113705,41
1790038100000000,113575,41
1790038110000000,113595,41
1790038140000000,113575,44
1790038150000000,113710,44
1790038160000000,113545,44
1790038170000000,113690,44
1790038200000000,113695,1
1790038210000000,113730,1
1790038220000000,113600,1
1790038230000000,113635,1
1790038260000000,113635,66
1790038270000000,113710,66
1790038280000000,113550,66
1790038290000000,113690,66
1790038320000000,113685,40
1790038330000000,113775,40
1790038340000000,113680,40
1790038350000000,113745,40
1790038380000000,113730,35
1790038390000000,113770,35
1790038400000000,113640,35
1790038410000000,113640,35
1790038440000000,113630,30
1790038450000000,113725,30
1790038460000000,113625,30
1790038470000000,113690,30
1790038500000000,113695,20
1790038510000000,113725,20
1790038520000000,113675,20
1790038530000000,113690,20
1790038560000000,113685,17
1790038570000000,113735,17
1790038580000000,113595,17
1790038590000000,113610,17
1790038620000000,113620,16
1790038630000000,113620,16
1790038640000000,113565,16
1790038650000000,113605,16
1790038680000000,113605,11
1790038690000000,113630,11
1790038700000000,113530,11
1790038710000000,113555,11
1790038740000000,113545,28
1790038750000000,113710,28
1790038760000000,113520,28
1790038770000000,113705,28
1790038800000000,113710,11
1790038810000000,113730,11
1790038820000000,113670,11
1790038830000000,113670,11
1790038860000000,113665,49
1790038870000000,113740,49
1790038880000000,113610,49
1790038890000000,113705,49
1790038920000000,113700,37
1790038930000000,113705,37
1790038940000000,113580,37
1790038950000000,113580,37
1790038980000000,113585,7
1790038990000000,113650,7
1790039000000000,113520,7
1790039010000000,113630,7
1790039040000000,113625,55
1790039050000000,113650,55
1790039060000000,113470,55
1790039070000000,113480,55
1790039100000000,113485,1
1790039110000000,113555,1
1790039120000000,113440,1
1790039130000000,113555,1
1790039160000000,113545,31
1790039170000000,113555,31
1790039180000000,113475,31
1790039190000000,113525,31
1790039220000000,113515,11
1790039230000000,113650,11
1790039240000000,113495,11
1790039250000000,113610,11
1790039280000000,113615,19
1790039290000000,113670,19
1790039300000000,113590,19
1790039310000000,113635,19
1790039340000000,113630,17
1790039350000000,113670,17
1790039360000000,113600,17
1790039370000000,113655,17
1790039400000000,113640,18
1790039410000000,113710,18
1790039420000000,113580,18
1790039430000000,113590,18
1790039460000000,113590,1
1790039470000000,113590,1
1790039480000000,113525,1
1790039490000000,113535,1
1790039520000000,113525,53
1790039530000000,113535,53
1790039540000000,113410,53
1790039550000000,113420,53
1790039580000000,113420,39
1790039590000000,113545,39
1790039600000000,113415,39
1790039610000000,113530,39
1790039640000000,113530,19
1790039650000000,113530,19
1790039660000000,113355,19
1790039670000000,113405,19
1790039700000000,113405,84
1790039710000000,113410,84
1790039720000000,113295,84
1790039730000000,113355,84
1790039760000000,113345,79
1790039770000000,113385,79
1790039780000000,113225,79
1790039790000000,113250,79
1790039820000000,113255,66
1790039830000000,113280,66
1790039840000000,113185,66
1790039850000000,113245,66
1790039880000000,113255,65
1790039890000000,113330,65
1790039900000000,113245,65
1790039910000000,113280,65
1790039940000000,113285,31
1790039950000000,113350,31
1790039960000000,113235,31
1790039970000000,113235,31
1790040000000000,113230,48
1790040010000000,113230,48
1790040020000000,113145,48
1790040030000000,113165,48
1790040060000000,113160,1
1790040070000000,113310,1
1790040080000000,113135,1
1790040090000000,113295,1
1790040120000000,113295,28
1790040130000000,113315,28
1790040140000000,113255,28
1790040150000000,113265,28
1790040180000000,113260,2
1790040190000000,113265,2
1790040200000000,113195,2
1790040210000000,113225,2
1790040240000000,113210,29
1790040250000000,113325,29
1790040260000000,113210,29
1790040270000000,113300,29
1790040300000000,113290,7
1790040310000000,113345,7
1790040320000000,113260,7
1790040330000000,113325,7
1790040360000000,113325,17
1790040370000000,113360,17
1790040380000000,113295,17
1790040390000000,113325,17
1790040420000000,113315,11
1790040430000000,113345,11
1790040440000000,113275,11
1790040450000000,113275,11
1790040480000000,113270,18
1790040490000000,113350,18
1790040500000000,113255,18
1790040510000000,113285,18
1790040540000000,113290,30
1790040550000000,113365,30
1790040560000000,113290,30
1790040570000000,113315,30
1790040600000000,113310,1
1790040610000000,113375,1
1790040620000000,113285,1
1790040630000000,113325,1
1790040660000000,113320,69
1790040670000000,113330,69
1790040680000000,113165,69
1790040690000000,113205,69
1790040720000000,113205,38
1790040730000000,113320,38
1790040740000000,113205,38
1790040750000000,113315,38
1790040780000000,113285,31
1790040790000000,113285,31
1790040800000000,113200,31
1790040810000000,113215,31
1790040840000000,113225,3
1790040850000000,113325,3
1790040860000000,113225,3
1790040870000000,113225,3
1790040900000000,113220,24
1790040910000000,113260,24
1790040920000000,113185,24
1790040930000000,113230,24
1790040960000000,113230,22
1790040970000000,113265,22
1790040980000000,113185,22
1790040990000000,113200,22
1790041020000000,113200,21
1790041030000000,113245,21
1790041040000000,113185,21
1790041050000000,113200,21
1790041080000000,113220,19
1790041090000000,113265,19
1790041100000000,113195,19
1790041110000000,113215,19
1790041140000000,113205,5
1790041150000000,113285,5
1790041160000000,113195,5
1790041170000000,113205,5
1790041200000000,113205,30
1790041210000000,113235,30
1790041220000000,113170,30
1790041230000000,113190,30
1790041260000000,113185,17
1790041270000000,113240,17
1790041280000000,113125,17
1790041290000000,113215,17
1790041320000000,113225,13
1790041330000000,113260,13
1790041340000000,113195,13
1790041350000000,113220,13
1790041380000000,113225,7
1790041390000000,113245,7
1790041400000000,113185,7
1790041410000000,113235,7
1790041440000000,113230,51
1790041450000000,113235,51
1790041460000000,113135,51
1790041470000000,113235,51
1790041500000000,113230,32
1790041510000000,113240,32
1790041520000000,113175,32
1790041530000000,113215,32
1790041560000000,113225,1
1790041570000000,113255,1
1790041580000000,113185,1
1790041590000000,113210,1
1790041620000000,113200,44
1790041630000000,113220,44
1790041640000000,113135,44
1790041650000000,113155,44
1790041680000000,113165,37
1790041690000000,113220,37
1790041700000000,113130,37
1790041710000000,113200,37
1790041740000000,113190,17
1790041750000000,113210,17
1790041760000000,113140,17
1790041770000000,113150,17
1790041800000000,113155,38
1790041810000000,113165,38
1790041820000000,113025,38
1790041830000000,113035,38
1790041860000000,113035,65
1790041870000000,113110,65
1790041880000000,112965,65
1790041890000000,113105,65
1790041920000000,113115,27
1790041930000000,113330,27
1790041940000000,113105,27
1790041950000000,113330,27
1790041980000000,113335,25
1790041990000000,113360,25
1790042000000000,113280,25
1790042010000000,113285,25
1790042040000000,113300,3
1790042050000000,113345,3
1790042060000000,113295,3
1790042070000000,113310,3
1790042100000000,113305,35
1790042110000000,113330,35
1790042120000000,113240,35
1790042130000000,113275,35
1790042160000000,113275,27
1790042170000000,113350,27
1790042180000000,113250,27
1790042190000000,113345,27
1790042220000000,113335,25
1790042230000000,113410,25
1790042240000000,113320,25
1790042250000000,113405,25
1790042280000000,113410,10
1790042290000000,113430,10
1790042300000000,113320,10
1790042310000000,113340,10
1790042340000000,113325,16
1790042350000000,113340,16
1790042360000000,113275,16
1790042370000000,113285,16
1790042400000000,113280,13
1790042410000000,113305,13
1790042420000000,113215,13
1790042430000000,113240,13
1790042460000000,113245,43
1790042470000000,113430,43
1790042480000000,113225,43
1790042490000000,113410,43
1790042520000000,113420,41
1790042530000000,113525,41
1790042540000000,113420,41
1790042550000000,113455,41
1790042580000000,113455,28
1790042590000000,113480,28
1790042600000000,113450,28
1790042610000000,113460,28
1790042640000000,113450,13
1790042650000000,113460,13
1790042660000000,113415,13
1790042670000000,113425,13
1790042700000000,113430,10
1790042710000000,113520,10
1790042720000000,113415,10
1790042730000000,113505,10
1790042760000000,113500,18
1790042770000000,113505,18
1790042780000000,113410,18
1790042790000000,113430,18
1790042820000000,113435,15
1790042830000000,113465,15
1790042840000000,113405,15
1790042850000000,113450,15
1790042880000000,113445,3
1790042890000000,113495,3
1790042900000000,113440,3
1790042910000000,113490,3
1790042940000000,113490,100
1790042950000000,113560,100
1790042960000000,113480,100
1790042970000000,113520,100
1790043000000000,113525,40
1790043010000000,113525,40
1790043020000000,113435,40
1790043030000000,113485,40
1790043060000000,113495,38
1790043070000000,113495,38
1790043080000000,113305,38
1790043090000000,113315,38
1790043120000000,113315,12
1790043130000000,113375,12
1790043140000000,113305,12
1790043150000000,113310,12
1790043180000000,113320,31
1790043190000000,113325,31
1790043200000000,113250,31
1790043210000000,113250,31
1790043240000000,113245,21
1790043250000000,113245,21
1790043260000000,113155,21
1790043270000000,113155,21
1790043300000000,113150,13
1790043310000000,113245,13
1790043320000000,113135,13
1790043330000000,113245,13
1790043360000000,113240,12
1790043370000000,113265,12
1790043380000000,113190,12
1790043390000000,113265,12
1790043420000000,113265,9
1790043430000000,113295,9
1790043440000000,113215,9
1790043450000000,113295,9
1790043480000000,113280,12
1790043490000000,113285,12
1790043500000000,113240,12
1790043510000000,113260,12
1790043540000000,113260,3
1790043550000000,113325,3
1790043560000000,113255,3
1790043570000000,113280,3
1790043600000000,113290,15
1790043610000000,113340,15
1790043620000000,113270,15
1790043630000000,113315,15
1790043660000000,113325,31
1790043670000000,113390,31
1790043680000000,113290,31
1790043690000000,113335,31
1790043720000000,113315,9
1790043730000000,113380,9
1790043740000000,113315,9
1790043750000000,113375,9
1790043780000000,113380,41
1790043790000000,113505,41
1790043800000000,113375,41
1790043810000000,113505,41
1790043840000000,113500,25
1790043850000000,113505,25
1790043860000000,113415,25
1790043870000000,113430,25
1790043900000000,113420,15
1790043910000000,113465,15
1790043920000000,113400,15
1790043930000000,113450,15
1790043960000000,113455,11
1790043970000000,113500,11
1790043980000000,113445,11
1790043990000000,113485,11
1790044020000000,113495,21
1790044030000000,113535,21
1790044040000000,113460,21
1790044050000000,113465,21
1790044080000000,113465,20
1790044090000000,113480,20
1790044100000000,113395,20
1790044110000000,113395,20
1790044140000000,113395,4
1790044150000000,113435,4
1790044160000000,113375,4
1790044170000000,113380,4
1790044200000000,113360,27
1790044210000000,113410,27
1790044220000000,113330,27
1790044230000000,113410,27
1790044260000000,113405,2
1790044270000000,113435,2
1790044280000000,113335,2
1790044290000000,113340,2
1790044320000000,113350,32
1790044330000000,113410,32
1790044340000000,113295,32
1790044350000000,113300,32
1790044380000000,113285,14
1790044390000000,113320,14
1790044400000000,113275,14
1790044410000000,113315,14
1790044440000000,113330,13
1790044450000000,113350,13
1790044460000000,113305,13
1790044470000000,113310,13
1790044500000000,113325,8
1790044510000000,113325,8
1790044520000000,113260,8
1790044530000000,113300,8
1790044560000000,113300,1
1790044570000000,113365,1
1790044580000000,113300,1
1790044590000000,113340,1
1790044620000000,113335,24
1790044630000000,113425,24
1790044640000000,113325,24
1790044650000000,113405,24
1790044680000000,113400,1
1790044690000000,113500,1
1790044700000000,113390,1
1790044710000000,113480,1
1790044740000000,113480,21
1790044750000000,113520,21
1790044760000000,113480,21
1790044770000000,113505,21
1790044800000000,113520,6
1790044810000000,113525,6
1790044820000000,113455,6
1790044830000000,113515,6
1790044860000000,113515,84
1790044870000000,113620,84
1790044880000000,113500,84
1790044890000000,113545,84
1790044920000000,113550,24
1790044930000000,113630,24
1790044940000000,113535,24
1790044950000000,113625,24
1790044980000000,113625,1
1790044990000000,113635,1
1790045000000000,113595,1
1790045010000000,113600,1
1790045040000000,113600,16
1790045050000000,113610,16
1790045060000000,113580,16
1790045070000000,113595,16
1790045100000000,113595,17
1790045110000000,113610,17
1790045120000000,113520,17
1790045130000000,113530,17
1790045160000000,113540,21
1790045170000000,113640,21
1790045180000000,113540,21
1790045190000000,113635,21
1790045220000000,113640,10
1790045230000000,113645,10
1790045240000000,113535,10
1790045250000000,113540,10
1790045280000000,113550,17
1790045290000000,113590,17
1790045300000000,113535,17
1790045310000000,113570,17
1790045340000000,113560,29
1790045350000000,113570,29
1790045360000000,113475,29
1790045370000000,113485,29
1790045400000000,113480,25
1790045410000000,113495,25
1790045420000000,113430,25
1790045430000000,113435,25
1790045460000000,113425,12
1790045470000000,113485,12
1790045480000000,113395,12
1790045490000000,113485,12
1790045520000000,113480,13
1790045530000000,113500,13
1790045540000000,113440,13
1790045550000000,113475,13
1790045580000000,113480,5
1790045590000000,113525,5
1790045600000000,113460,5
1790045610000000,113480,5
1790045640000000,113480,6
1790045650000000,113530,6
1790045660000000,113460,6
1790045670000000,113510,6
1790045700000000,113515,6
1790045710000000,113520,6
1790045720000000,113495,6
1790045730000000,113500,6
1790045760000000,113490,21
1790045770000000,113495,21
1790045780000000,113420,21
1790045790000000,113445,21
1790045820000000,113445,14
1790045830000000,113520,14
1790045840000000,113430,14
1790045850000000,113500,14
1790045880000000,113480,0
1790045890000000,113530,0
1790045900000000,113460,0
1790045910000000,113485,0
1790045940000000,113490,11
1790045950000000,113520,11
1790045960000000,113475,11
1790045970000000,113495,11
1790046000000000,113500,29
1790046010000000,113550,29
1790046020000000,113500,29
1790046030000000,113510,29
1790046060000000,113525,20
1790046070000000,113605,20
1790046080000000,113500,20
1790046090000000,113605,20
1790046120000000,113600,4
1790046130000000,113600,4
1790046140000000,113500,4
1790046150000000,113530,4
1790046180000000,113535,11
1790046190000000,113575,11
1790046200000000,113505,11
1790046210000000,113520,11
1790046240000000,113520,11
1790046250000000,113580,11
1790046260000000,113505,11
1790046270000000,113545,11
1790046300000000,113540,8
1790046310000000,113545,8
1790046320000000,113510,8
1790046330000000,113545,8
1790046360000000,113545,7
1790046370000000,113550,7
1790046380000000,113525,7
1790046390000000,113525,7
1790046420000000,113515,9
1790046430000000,113530,9
1790046440000000,113475,9
1790046450000000,113530,9
1790046480000000,113540,3
1790046490000000,113545,3
1790046500000000,113500,3
1790046510000000,113530,3
1790046540000000,113530,8
1790046550000000,113535,8
1790046560000000,113465,8
1790046570000000,113495,8
1790046600000000,113495,5
1790046610000000,113495,5
1790046620000000,113440,5
1790046630000000,113470,5
1790046660000000,113485,11
1790046670000000,113495,11
1790046680000000,113455,11
1790046690000000,113480,11
1790046720000000,113490,10
1790046730000000,113520,10
1790046740000000,113465,10
1790046750000000,113520,10
1790046780000000,113530,5
1790046790000000,113570,5
1790046800000000,113505,5
1790046810000000,113560,5
1790046840000000,113560,9
1790046850000000,113570,9
1790046860000000,113510,9
1790046870000000,113510,9
1790046900000000,113520,9
1790046910000000,113565,9
1790046920000000,113515,9
1790046930000000,113560,9
1790046960000000,113570,38
1790046970000000,113675,38
1790046980000000,113550,38
1790046990000000,113660,38
1790047020000000,113655,32
1790047030000000,113655,32
1790047040000000,113600,32
1790047050000000,113600,32
1790047080000000,113605,12
1790047090000000,113630,12
1790047100000000,113575,12
1790047110000000,113600,12
1790047140000000,113620,5
1790047150000000,113675,5
1790047160000000,113620,5
1790047170000000,113640,5
1790047200000000,113635,7
1790047210000000,113655,7
1790047220000000,113550,7
1790047230000000,113585,7
1790047260000000,113590,4
1790047270000000,113600,4
1790047280000000,113555,4
1790047290000000,113585,4
1790047320000000,113585,6
1790047330000000,113635,6
1790047340000000,113585,6
1790047350000000,113635,6
1790047380000000,113630,2
1790047390000000,113630,2
1790047400000000,113605,2
1790047410000000,113630,2
1790047440000000,113615,5
1790047450000000,113640,5
1790047460000000,113595,5
1790047470000000,113610,5
1790047500000000,113605,5
1790047510000000,113635,5
1790047520000000,113585,5
1790047530000000,113605,5
1790047560000000,113620,6
1790047570000000,113665,6
1790047580000000,113615,6
1790047590000000,113650,6
1790047620000000,113655,7
1790047630000000,113675,7
1790047640000000,113620,7
1790047650000000,113645,7
1790047680000000,113625,2
1790047690000000,113635,2
1790047700000000,113600,2
1790047710000000,113600,2
1790047740000000,113615,12
1790047750000000,113620,12
1790047760000000,113585,12
1790047770000000,113595,12
1790047800000000,113600,3
1790047810000000,113620,3
1790047820000000,113570,3
1790047830000000,113590,3
1790047860000000,113590,15
1790047870000000,113600,15
1790047880000000,113540,15
1790047890000000,113580,15
1790047920000000,113575,2
1790047930000000,113650,2
1790047940000000,113560,2
1790047950000000,113630,2
1790047980000000,113625,9
1790047990000000,113625,9
1790048000000000,113575,9
1790048010000000,113575,9
1790048040000000,113570,9
1790048050000000,113600,9
1790048060000000,113550,9
1790048070000000,113600,9
1790048100000000,113605,9
1790048110000000,113615,9
1790048120000000,113585,9
1790048130000000,113600,9
1790048160000000,113605,5
1790048170000000,113615,5
1790048180000000,113595,5
1790048190000000,113615,5
1790048220000000,113615,15
1790048230000000,113675,15
1790048240000000,113610,15
1790048250000000,113670,15
1790048280000000,113675,27
1790048290000000,113715,27
1790048300000000,113660,27
1790048310000000,113690,27
1790048340000000,113695,12
1790048350000000,113700,12
1790048360000000,113670,12
1790048370000000,113690,12
1790048400000000,113690,1
1790048410000000,113695,1
1790048420000000,113595,1
1790048430000000,113595,1
1790048460000000,113595,16
1790048470000000,113610,16
1790048480000000,113565,16
1790048490000000,113570,16
1790048520000000,113560,13
1790048530000000,113575,13
1790048540000000,113535,13
1790048550000000,113545,13
1790048580000000,113530,7
1790048590000000,113535,7
1790048600000000,113475,7
1790048610000000,113475,7
1790048640000000,113470,37
1790048650000000,113480,37
1790048660000000,113420,37
1790048670000000,113420,37
1790048700000000,113435,27
1790048710000000,113510,27
1790048720000000,113430,27
1790048730000000,113490,27
1790048760000000,113505,0
1790048770000000,113580,0
1790048780000000,113505,0
1790048790000000,113545,0
1790048820000000,113540,13
1790048830000000,113550,13
1790048840000000,113515,13
1790048850000000,113515,13
1790048880000000,113515,8
1790048890000000,113545,8
1790048900000000,113515,8
1790048910000000,113535,8
1790048940000000,113530,12
1790048950000000,113555,12
1790048960000000,113515,12
1790048970000000,113545,12
1790049000000000,113545,10
1790049010000000,113560,10
1790049020000000,113515,10
1790049030000000,113515,10
1790049060000000,113520,6
1790049070000000,113520,6
1790049080000000,113465,6
1790049090000000,113470,6
1790049120000000,113465,23
1790049130000000,113465,23
1790049140000000,113395,23
1790049150000000,113400,23
1790049180000000,113395,11
1790049190000000,113410,11
1790049200000000,113340,11
1790049210000000,113365,11
1790049240000000,113355,9
1790049250000000,113420,9
1790049260000000,113355,9
1790049270000000,113405,9
1790049300000000,113390,63
1790049310000000,113400,63
1790049320000000,113255,63
1790049330000000,113295,63
1790049360000000,113295,47
1790049370000000,113305,47
1790049380000000,113220,47
1790049390000000,113275,47
1790049420000000,113270,29
1790049430000000,113270,29
1790049440000000,113120,29
1790049450000000,113135,29
1790049480000000,113125,17
1790049490000000,113245,17
1790049500000000,113090,17
1790049510000000,113230,17
1790049540000000,113225,8
1790049550000000,113255,8
1790049560000000,113150,8
1790049570000000,113150,8
1790049600000000,113150,25
1790049610000000,113180,25
1790049620000000,113085,25
1790049630000000,113175,25
1790049660000000,113165,19
1790049670000000,113260,19
1790049680000000,113155,19
1790049690000000,113240,19
1790049720000000,113235,6
1790049730000000,113235,6
1790049740000000,113130,6
1790049750000000,113130,6
1790049780000000,113130,26
1790049790000000,113170,26
1790049800000000,113085,26
1790049810000000,113085,26
1790049840000000,113085,17
1790049850000000,113150,17
1790049860000000,113080,17
1790049870000000,113145,17
1790049900000000,113135,14
1790049910000000,113225,14
1790049920000000,113090,14
1790049930000000,113210,14
1790049960000000,113215,12
1790049970000000,113230,12
1790049980000000,113160,12
1790049990000000,113175,12
1790050020000000,113175,22
1790050030000000,113230,22
1790050040000000,113135,22
1790050050000000,113150,22
1790050080000000,113140,21
1790050090000000,113230,21
1790050100000000,113115,21
1790050110000000,113215,21
1790050140000000,113215,60
1790050150000000,113230,60
1790050160000000,113015,60
1790050170000000,113050,60
1790050200000000,113060,52
1790050210000000,113145,52
1790050220000000,113055,52
1790050230000000,113100,52
1790050260000000,113100,45
1790050270000000,113115,45
1790050280000000,112945,45
1790050290000000,113030,45
1790050320000000,113020,7
1790050330000000,113125,7
1790050340000000,113010,7
1790050350000000,113080,7
1790050380000000,113085,54
1790050390000000,113105,54
1790050400000000,112950,54
1790050410000000,113005,54
1790050440000000,112985,49
1790050450000000,113010,49
1790050460000000,112900,49
1790050470000000,112900,49
1790050500000000,112900,7
1790050510000000,112910,7
1790050520000000,112825,7
1790050530000000,112825,7
1790050560000000,112830,32
1790050570000000,112915,32
1790050580000000,112805,32
1790050590000000,112895,32
1790050620000000,112905,5
1790050630000000,112945,5
1790050640000000,112885,5
1790050650000000,112925,5
1790050680000000,112935,32
1790050690000000,112955,32
1790050700000000,112780,32
1790050710000000,112800,32
1790050740000000,112785,11
1790050750000000,112845,11
1790050760000000,112745,11
1790050770000000,112760,11
1790050800000000,112765,45
1790050810000000,112785,45
1790050820000000,112650,45
1790050830000000,112700,45
1790050860000000,112695,17
1790050870000000,112760,17
1790050880000000,112640,17
1790050890000000,112700,17
1790050920000000,112705,11
1790050930000000,112765,11
1790050940000000,112695,11
1790050950000000,112725,11
1790050980000000,112725,14
1790050990000000,112780,14
1790051000000000,112710,14
1790051010000000,112745,14
1790051040000000,112750,17
1790051050000000,112795,17
1790051060000000,112730,17
1790051070000000,112780,17
1790051100000000,112780,17
1790051110000000,112840,17
1790051120000000,112770,17
1790051130000000,112800,17
1790051160000000,112785,19
1790051170000000,112785,19
1790051180000000,112675,19
1790051190000000,112730,19
1790051220000000,112725,8
1790051230000000,112855,8
1790051240000000,112715,8
1790051250000000,112855,8
1790051280000000,112855,36
1790051290000000,112875,36
1790051300000000,112820,36
1790051310000000,112850,36
1790051340000000,112855,0
1790051350000000,112880,0
1790051360000000,112835,0
1790051370000000,112870,0
1790051400000000,112865,79
1790051410000000,112925,79
1790051420000000,112740,79
1790051430000000,112740,79
1790051460000000,112740,64
1790051470000000,112765,64
1790051480000000,112680,64
1790051490000000,112755,64
1790051520000000,112745,34
1790051530000000,112765,34
1790051540000000,112645,34
1790051550000000,112645,34
1790051580000000,112655,17
1790051590000000,112655,17
1790051600000000,112575,17
1790051610000000,112585,17
1790051640000000,112585,35
1790051650000000,112655,35
1790051660000000,112555,35
1790051670000000,112605,35
1790051700000000,112610,3
1790051710000000,112650,3
1790051720000000,112555,3
1790051730000000,112645,3
1790051760000000,112640,51
1790051770000000,112640,51
1790051780000000,112515,51
1790051790000000,112530,51
1790051820000000,112515,14
1790051830000000,112550,14
1790051840000000,112450,14
1790051850000000,112460,14
1790051880000000,112460,48
1790051890000000,112610,48
1790051900000000,112460,48
1790051910000000,112595,48
1790051940000000,112590,34
1790051950000000,112630,34
1790051960000000,112485,34
1790051970000000,112485,34
1790052000000000,112485,2
1790052010000000,112530,2
1790052020000000,112435,2
1790052030000000,112470,2
1790052060000000,112470,29
1790052070000000,112520,29
1790052080000000,112405,29
1790052090000000,112420,29
1790052120000000,112420,4
1790052130000000,112475,4
1790052140000000,112380,4
1790052150000000,112470,4
1790052180000000,112465,42
1790052190000000,112575,42
1790052200000000,112420,42
1790052210000000,112560,42
1790052240000000,112570,37
1790052250000000,112595,37
1790052260000000,112475,37
1790052270000000,112490,37
1790052300000000,112490,9
1790052310000000,112515,9
1790052320000000,112350,9
1790052330000000,112350,9
1790052360000000,112360,27
1790052370000000,112445,27
1790052380000000,112360,27
1790052390000000,112425,27
1790052420000000,112430,52
1790052430000000,112445,52
1790052440000000,112250,52
1790052450000000,112265,52
1790052480000000,112270,34
1790052490000000,112270,34
1790052500000000,112140,34
1790052510000000,112175,34
1790052540000000,112180,25
1790052550000000,112200,25
1790052560000000,112115,25
1790052570000000,112165,25
1790052600000000,112155,17
1790052610000000,112155,17
1790052620000000,112090,17
1790052630000000,112130,17
1790052660000000,112135,29
1790052670000000,112150,29
1790052680000000,112075,29
1790052690000000,112140,29
1790052720000000,112145,35
1790052730000000,112225,35
1790052740000000,112090,35
1790052750000000,112215,35
1790052780000000,112225,0
1790052790000000,112265,0
1790052800000000,112180,0
1790052810000000,112215,0
1790052840000000,112230,40
1790052850000000,112290,40
1790052860000000,112140,40
1790052870000000,112140,40
1790052900000000,112150,32
1790052910000000,112195,32
1790052920000000,112120,32
1790052930000000,112160,32
1790052960000000,112175,15
1790052970000000,112260,15
1790052980000000,112100,15
1790052990000000,112120,15
1790053020000000,112110,29
1790053030000000,112125,29
1790053040000000,112030,29
1790053050000000,112050,29
1790053080000000,112045,52
1790053090000000,112045,52
1790053100000000,111875,52
1790053110000000,111900,52
1790053140000000,111895,4
1790053150000000,111905,4
1790053160000000,111830,4
1790053170000000,111870,4
1790053200000000,111860,62
1790053210000000,111930,62
1790053220000000,111840,62
1790053230000000,111920,62
1790053260000000,111915,53
1790053270000000,111960,53
1790053280000000,111840,53
1790053290000000,111930,53
1790053320000000,111925,33
1790053330000000,112040,33
1790053340000000,111900,33
1790053350000000,112015,33
1790053380000000,112005,24
1790053390000000,112125,24
1790053400000000,112000,24
1790053410000000,112090,24
1790053440000000,112095,21
1790053450000000,112170,21
1790053460000000,112075,21
1790053470000000,112090,21
1790053500000000,112070,30
1790053510000000,112130,30
1790053520000000,112025,30
1790053530000000,112070,30
1790053560000000,112095,22
1790053570000000,112190,22
1790053580000000,112080,22
1790053590000000,112175,22
1790053620000000,112170,20
1790053630000000,112225,20
1790053640000000,112145,20
1790053650000000,112200,20
1790053680000000,112205,43
1790053690000000,112315,43
1790053700000000,112205,43
1790053710000000,112270,43
1790053740000000,112265,4
1790053750000000,112300,4
1790053760000000,112160,4
1790053770000000,112190,4
1790053800000000,112180,19
1790053810000000,112200,19
1790053820000000,112115,19
1790053830000000,112120,19
1790053860000000,112130,34
1790053870000000,112130,34
1790053880000000,112045,34
1790053890000000,112065,34
1790053920000000,112060,16
1790053930000000,112080,16
1790053940000000,111925,16
1790053950000000,111940,16
1790053980000000,111940,27
1790053990000000,112010,27
1790054000000000,111905,27
1790054010000000,112000,27
1790054040000000,111995,5
1790054050000000,112050,5
1790054060000000,111975,5
1790054070000000,112050,5
1790054100000000,112055,18
1790054110000000,112060,18
1790054120000000,111925,18
1790054130000000,111940,18
1790054160000000,111950,48
1790054170000000,111950,48
1790054180000000,111760,48
1790054190000000,111770,48
1790054220000000,111765,49
1790054230000000,111795,49
1790054240000000,111690,49
1790054250000000,111715,49
1790054280000000,111710,2
1790054290000000,111730,2
1790054300000000,111625,2
1790054310000000,111655,2
1790054340000000,111645,79
1790054350000000,111650,79
1790054360000000,111500,79
1790054370000000,111500,79
1790054400000000,111495,78
1790054410000000,111595,78
1790054420000000,111485,78
1790054430000000,111495,78
1790054460000000,111485,5
1790054470000000,111510,5
1790054480000000,111410,5
1790054490000000,111435,5
1790054520000000,111440,106
1790054530000000,111635,106
1790054540000000,111430,106
1790054550000000,111605,106
1790054580000000,111605,67
1790054590000000,111625,67
1790054600000000,111370,67
1790054610000000,111380,67
1790054640000000,111375,12
1790054650000000,111540,12
1790054660000000,111350,12
1790054670000000,111530,12
1790054700000000,111530,86
1790054710000000,111540,86
1790054720000000,111245,86
1790054730000000,111245,86
1790054760000000,111245,69
1790054770000000,111315,69
1790054780000000,111150,69
1790054790000000,111165,69
1790054820000000,111160,42
1790054830000000,111205,42
1790054840000000,111115,42
1790054850000000,111185,42
1790054880000000,111180,89
1790054890000000,111355,89
1790054900000000,111170,89
1790054910000000,111240,89
1790054940000000,111235,66
1790054950000000,111385,66
1790054960000000,111225,66
1790054970000000,111375,66
1790055000000000,111375,24
1790055010000000,111445,24
1790055020000000,111290,24
1790055030000000,111305,24
1790055060000000,111320,90
1790055070000000,111385,90
1790055080000000,111125,90
1790055090000000,111140,90
1790055120000000,111145,27
1790055130000000,111155,27
1790055140000000,111010,27
1790055150000000,111080,27
1790055180000000,111075,61
1790055190000000,111240,61
1790055200000000,111025,61
1790055210000000,111230,61
1790055240000000,111225,7
1790055250000000,111345,7
1790055260000000,111185,7
1790055270000000,111335,7
1790055300000000,111330,56
1790055310000000,111395,56
1790055320000000,111270,56
1790055330000000,111315,56
1790055360000000,111320,60
1790055370000000,111520,60
1790055380000000,111315,60
1790055390000000,111350,60
1790055420000000,111345,17
1790055430000000,111465,17
1790055440000000,111325,17
1790055450000000,111410,17
1790055480000000,111420,57
1790055490000000,111500,57
1790055500000000,111360,57
1790055510000000,111475,57
1790055540000000,111475,51
1790055550000000,111500,51
1790055560000000,111380,51
1790055570000000,111450,51
1790055600000000,111445,3
1790055610000000,111515,3
1790055620000000,111425,3
1790055630000000,111480,3
1790055660000000,111485,69
1790055670000000,111560,69
1790055680000000,111370,69
1790055690000000,111455,69
1790055720000000,111450,1
1790055730000000,111530,1
1790055740000000,111375,1
1790055750000000,111385,1
1790055780000000,111385,65
1790055790000000,111385,65
1790055800000000,111230,65
1790055810000000,111320,65
1790055840000000,111315,34
1790055850000000,111370,34
1790055860000000,111285,34
1790055870000000,111300,34
1790055900000000,111310,5
1790055910000000,111425,5
1790055920000000,111295,5
1790055930000000,111405,5
1790055960000000,111405,85
1790055970000000,111575,85
1790055980000000,111405,85
1790055990000000,111570,85
1790056020000000,111555,1
1790056030000000,111630,1
1790056040000000,111495,1
1790056050000000,111630,1
1790056080000000,111625,109
1790056090000000,111775,109
1790056100000000,111615,109
1790056110000000,111730,109
1790056140000000,111710,53
1790056150000000,111730,53
1790056160000000,111620,53
1790056170000000,111630,53
1790056200000000,111640,18
1790056210000000,111825,18
1790056220000000,111640,18
1790056230000000,111795,18
1790056260000000,111795,50
1790056270000000,111830,50
1790056280000000,111715,50
1790056290000000,111775,50
1790056320000000,111785,43
1790056330000000,111960,43
1790056340000000,111770,43
1790056350000000,111950,43
1790056380000000,111955,40
1790056390000000,112020,40
1790056400000000,111920,40
1790056410000000,111985,40
1790056440000000,111985,20
1790056450000000,112040,20
1790056460000000,111925,20
1790056470000000,111980,20
1790056500000000,111975,31
1790056510000000,112010,31
1790056520000000,111920,31
1790056530000000,111935,31
1790056560000000,111940,28
1790056570000000,112015,28
1790056580000000,111925,28
1790056590000000,112010,28
1790056620000000,112000,35
1790056630000000,112045,35
1790056640000000,111945,35
1790056650000000,111950,35
1790056680000000,111960,0
1790056690000000,112000,0
1790056700000000,111940,0
1790056710000000,111985,0
1790056740000000,111990,36
1790056750000000,112100,36
1790056760000000,111960,36
1790056770000000,112060,36
1790056800000000,112075,38
1790056810000000,112105,38
1790056820000000,111880,38
1790056830000000,111925,38
1790056860000000,111925,55
1790056870000000,111970,55
1790056880000000,111860,55
1790056890000000,111940,55
1790056920000000,111925,31
1790056930000000,111985,31
1790056940000000,111790,31
1790056950000000,111880,31
1790056980000000,111890,39
1790056990000000,111890,39
1790057000000000,111700,39
1790057010000000,111715,39
1790057040000000,111715,32
1790057050000000,111765,32
1790057060000000,111640,32
1790057070000000,111670,32
1790057100000000,111675,25
1790057110000000,111685,25
1790057120000000,111575,25
1790057130000000,111575,25
1790057160000000,111575,59
1790057170000000,111690,59
1790057180000000,111500,59
1790057190000000,111690,59
1790057220000000,111675,4
1790057230000000,111825,4
1790057240000000,111675,4
1790057250000000,111765,4
1790057280000000,111750,27
1790057290000000,111750,27
1790057300000000,111655,27
1790057310000000,111720,27
1790057340000000,111720,7
1790057350000000,111885,7
1790057360000000,111700,7
1790057370000000,111885,7
1790057400000000,111875,27
1790057410000000,111940,27
1790057420000000,111860,27
1790057430000000,111895,27
1790057460000000,111895,22
1790057470000000,111930,22
1790057480000000,111825,22
1790057490000000,111830,22
1790057520000000,111850,35
1790057530000000,111855,35
1790057540000000,111685,35
1790057550000000,111750,35
1790057580000000,111745,20
1790057590000000,111775,20
1790057600000000,111640,20
1790057610000000,111650,20
1790057640000000,111655,14
1790057650000000,111720,14
1790057660000000,111610,14
1790057670000000,111680,14
1790057700000000,111695,55
1790057710000000,111810,55
1790057720000000,111665,55
1790057730000000,111765,55
1790057760000000,111770,2
1790057770000000,111795,2
1790057780000000,111635,2
1790057790000000,111685,2
1790057820000000,111675,47
1790057830000000,111740,47
1790057840000000,111625,47
1790057850000000,111630,47
1790057880000000,111635,37
1790057890000000,111675,37
1790057900000000,111615,37
1790057910000000,111655,37
1790057940000000,111650,18
1790057950000000,111710,18
1790057960000000,111630,18
1790057970000000,111685,18
1790058000000000,111695,55
1790058010000000,111725,55
1790058020000000,111560,55
1790058030000000,111570,55
1790058060000000,111570,39
1790058070000000,111570,39
1790058080000000,111420,39
1790058090000000,111490,39
1790058120000000,111485,14
1790058130000000,111570,14
1790058140000000,111475,14
1790058150000000,111550,14
1790058180000000,111545,22
1790058190000000,111550,22
1790058200000000,111480,22
1790058210000000,111505,22
1790058240000000,111495,25
1790058250000000,111555,25
1790058260000000,111460,25
1790058270000000,111530,25
1790058300000000,111520,23
1790058310000000,111520,23
1790058320000000,111480,23
1790058330000000,111515,23
1790058360000000,111505,16
1790058370000000,111575,16
1790058380000000,111495,16
1790058390000000,111575,16
1790058420000000,111575,32
1790058430000000,111600,32
1790058440000000,111530,32
1790058450000000,111535,32
1790058480000000,111535,11
1790058490000000,111550,11
1790058500000000,111455,11
1790058510000000,111515,11
1790058540000000,111515,41
1790058550000000,111590,41
1790058560000000,111500,41
1790058570000000,111550,41
1790058600000000,111550,72
1790058610000000,111605,72
1790058620000000,111530,72
1790058630000000,111555,72
1790058660000000,111550,47
1790058670000000,111570,47
1790058680000000,111455,47
1790058690000000,111540,47
1790058720000000,111550,21
1790058730000000,111565,21
1790058740000000,111470,21
1790058750000000,111480,21
1790058780000000,111495,12
1790058790000000,111530,12
1790058800000000,111475,12
1790058810000000,111515,12
1790058840000000,111520,44
1790058850000000,111545,44
1790058860000000,111495,44
1790058870000000,111535,44
1790058900000000,111520,14
1790058910000000,111530,14
1790058920000000,111495,14
1790058930000000,111520,14
