# 합성 리플레이 샘플: 2024-01-02 09:00 KST 시작, 30초 간격, 완만한 상승
# 형식: epoch_us,price,qty
1704153600000000,100,10
1704153603000000,101,10
1704153606000000,102,10
1704153609000000,103,10
1704153612000000,104,10
1704153615000000,105,10
1704153618000000,106,10
1704153621000000,107,10
1704153624000000,108,10
1704153627000000,109,10
1704153630000000,110,10
1704153633000000,111,10
1704153636000000,112,10
1704153639000000,113,10
1704153642000000,114,10
1704153645000000,115,10
1704153648000000,116,10
1704153651000000,117,10
1704153654000000,118,10
1704153657000000,119,10
1704153660000000,120,10
1704153663000000,121,10
1704153666000000,122,10
1704153669000000,123,10
1704153672000000,124,10
1704153675000000,125,10
1704153678000000,126,10
1704153681000000,127,10
1704153684000000,128,10
1704153687000000,129,10
1704153690000000,130,10
1704153693000000,131,10
1704153696000000,132,10
1704153699000000,133,10
1704153702000000,134,10
1704153705000000,135,10
1704153708000000,136,10
1704153711000000,137,10
1704153714000000,138,10
1704153717000000,139,10
1704153720000000,140,10
